case_id,ai_root_cause,ai_confidence,human_verdict,corrected_root_cause,reviewer_notes
CASE-001,,,,,
CASE-002,,,,,
CASE-003,,,,,
CASE-004,,,,,
CASE-005,,,,,
CASE-006,,,,,
CASE-007,,,,,
CASE-008,,,,,
CASE-009,,,,,
CASE-010,,,,,
CASE-011,,,,,
CASE-012,,,,,
CASE-013,,,,,
CASE-014,,,,,
CASE-015,,,,,
CASE-016,,,,,
CASE-017,,,,,
CASE-018,,,,,
CASE-019,,,,,
CASE-020,,,,,
CASE-021,,,,,
CASE-022,,,,,
CASE-023,,,,,
CASE-024,,,,,
CASE-025,,,,,
CASE-026,,,,,
CASE-027,,,,,
CASE-028,,,,,
CASE-029,,,,,
CASE-030,,,,,

